0,140,57,249,244,245,243,213,115,242,138,206,113,137,241,136,112,132,111,134,240,130,107,239,203,163,106,230,100,231,25,95,232,93,92,233,87,158,84,88,83,86,85,234,79,156,15,44,98,42,41,3,97,90,82,76,169,73,75,205,81,91,212,125,141,139
0.0,654.9,436.6,1672.0,2595.2,3186.9,3710.6,3898.0,4175.2,4313.9,4480.7,4785.2,5096.7,5097.8,5069.2,5028.7,5019.6,5018.3,5009.6,5490.5,5486.1,5595.8,4819.2,5924.9,5056.6,5387.8,5808.2,5521.5,5640.5,5825.5,5812.3,5883.2,6027.9,6211.3,6068.6,6198.5,6241.5,6239.5,6206.4,6188.6,6193.1,6227.5,6240.4,6917.6,6675.3,6707.8,6932.9,6492.2,6171.2,7657.9,6361.5,6368.1,7208.1,7675.9,7857.5,8814.1,9019.7,7932.1,8091.4,7423.9,6269.9,5866.7,2868.2,1182.5,1153.1,559.3
334.1,0.0,523.7,1759.1,2682.3,3274.0,3797.7,3475.6,4262.3,4401.0,4567.8,4275.3,4837.4,4838.6,4752.2,5115.8,5106.7,5105.4,5096.7,5082.2,5077.8,5187.5,4906.3,5559.6,5143.7,5474.9,5895.3,5608.6,5727.6,5912.6,5899.3,5970.3,6115.0,6298.4,6155.7,6285.6,6328.6,6326.6,6293.5,6275.7,6280.2,6314.6,6327.5,7004.7,6762.4,6794.9,7020.0,6579.3,6258.3,7745.0,6448.6,6455.2,7295.2,7763.0,7944.6,8901.2,9106.8,8019.2,8178.5,7511.0,6357.0,5953.8,2955.3,1269.6,1240.2,606.2
505.0,945.6,0.0,1266.6,2189.8,2781.5,3305.2,3492.6,3769.8,3908.5,4075.3,4379.8,4691.3,4692.4,4663.8,5047.0,5056.2,5057.4,5076.5,5085.1,5080.7,5190.4,5264.4,5519.5,5614.1,5709.8,6019.7,6010.6,6150.9,6357.3,6491.7,6562.6,6707.4,6876.2,6169.4,6299.3,6342.3,6340.3,6307.3,6289.5,6293.9,6328.4,6341.2,7597.0,7736.5,7834.1,7857.6,6593.1,6272.0,7758.7,6462.3,6469.0,7309.0,7776.7,7958.4,8914.9,9120.6,8032.9,8192.2,8103.4,6370.7,5967.5,2969.0,1422.1,1392.7,884.9
1837.4,2278.0,1480.5,0.0,1121.1,1712.8,2236.5,2423.9,2701.1,2839.9,3006.6,3311.2,3622.6,3623.7,3595.1,3978.3,3987.5,3988.7,4007.9,4016.5,4012.0,4121.7,4195.8,4450.8,4545.4,4641.1,4951.0,4941.9,5082.2,5288.6,5423.0,5494.0,5638.7,5807.5,6129.3,6092.7,6213.9,6215.9,6267.1,6249.3,6253.8,6227.8,6215.0,6528.3,6667.8,6765.4,6788.9,6552.9,6231.9,7718.5,6422.2,6428.8,7268.8,7736.5,7918.2,8874.8,9080.4,7992.8,8152.1,7034.7,6330.6,5927.4,2928.9,2181.9,2152.4,2191.0
2760.3,3200.8,2647.4,1384.6,0.0,591.7,1115.4,1302.8,1580.0,1718.8,1885.5,2190.1,2501.5,2502.7,2474.0,2857.3,2866.4,2867.7,2886.8,2895.4,2891.0,3000.7,3074.7,3329.8,3424.3,3520.0,3830.0,3820.9,3961.1,4167.6,4302.0,4372.9,4517.6,4686.5,4867.7,4971.6,5092.8,5094.8,5128.7,5146.5,5142.1,5106.7,5093.9,5407.3,5546.7,5644.3,5667.8,6003.2,5390.7,5478.2,5581.0,5587.7,7045.6,7513.3,6769.4,7725.9,7931.6,6294.3,5991.8,5913.6,5390.3,4942.0,2624.9,3104.7,3075.2,3113.8
3352.9,3793.4,3240.0,1977.2,592.6,0.0,523.7,711.1,988.3,1127.1,1293.8,1598.3,1909.8,1910.9,1882.3,2265.5,2274.7,2275.9,2295.1,2303.7,2299.2,2408.9,2483.0,2738.0,2832.6,2928.3,3238.2,3229.1,3369.4,3575.8,3710.2,3781.2,3925.9,4094.7,4276.0,4379.9,4501.1,4503.0,4537.0,4554.8,4550.3,4515.0,4502.2,4815.5,4955.0,5052.6,5076.1,5411.4,4799.0,4886.4,4989.3,4995.9,7219.3,7687.1,6177.6,7134.2,7339.8,5702.5,5400.0,5321.9,4798.5,4350.2,2798.6,3697.3,3667.9,3706.4
3876.8,4317.3,3763.9,2501.1,1116.5,523.9,0.0,456.3,464.6,603.4,770.1,1074.7,1386.1,1387.3,1358.6,1741.9,1751.0,1752.3,1771.4,1780.0,1775.5,1885.2,1959.3,2214.4,2308.9,2404.6,2714.5,2705.5,2845.7,3052.2,3186.5,3257.5,3402.2,3571.1,3752.3,3856.2,3977.4,3979.4,4013.3,4031.1,4026.7,3991.3,3978.5,4291.9,4431.3,4528.9,4552.4,4887.7,4275.3,4362.8,4465.6,4472.3,4783.2,6568.2,5654.0,6610.5,6816.2,5178.8,4876.3,4798.2,4274.8,3826.6,2134.8,4221.2,4191.8,4230.3
3444.2,3884.7,3832.6,3065.0,1680.4,1087.8,563.9,0.0,740.9,879.6,1046.4,1350.9,1662.4,1663.5,1634.9,2018.1,2027.3,2028.5,2047.6,2056.2,2051.8,2161.5,2235.5,2490.6,2585.2,2680.8,2990.8,2981.7,3121.9,3328.4,3462.8,3533.7,3678.5,3847.3,4028.5,4132.4,4253.6,4255.6,4289.6,4307.4,4302.9,4267.6,4254.7,4568.1,4707.5,4805.2,4828.7,5129.0,4908.7,6378.7,5099.0,5105.6,5929.0,6396.7,6578.4,7534.9,7740.6,5455.1,5152.6,5074.4,4551.1,4604.2,1605.7,3574.2,3544.8,3583.4
4340.6,4781.1,4227.8,2964.9,1580.3,987.7,463.8,920.1,0.0,262.1,428.8,733.4,1044.8,1046.0,1017.3,1400.6,1409.7,1410.9,1430.1,1438.7,1434.2,1543.9,1618.0,1873.1,1967.6,2063.3,2373.2,2364.1,2504.4,2710.8,2845.2,2916.2,3060.9,3229.7,3411.0,3514.9,3636.1,3638.1,3672.0,3689.8,3685.3,3650.0,3637.2,3950.5,4090.0,4187.6,4211.1,4546.4,3934.0,4021.5,4124.3,4131.0,4441.9,6226.9,5312.6,6269.2,6474.8,4837.5,4535.0,4456.9,3933.5,3485.3,1793.5,4685.0,4655.6,4694.2
4479.7,4920.2,4366.8,3104.0,1719.4,1126.8,602.9,1059.2,262.4,0.0,166.8,471.3,782.7,783.9,755.2,1138.5,1147.6,1148.9,1168.0,1176.6,1172.2,1281.9,1355.9,1611.0,1705.5,1801.2,2111.2,2102.1,2242.3,2448.8,2583.2,2654.1,2798.8,2967.7,3148.9,3252.8,3374.0,3376.0,3409.9,3427.7,3423.3,3388.0,3375.1,3688.5,3827.9,3925.5,3949.1,4284.4,3671.9,3759.4,3862.2,3868.9,4179.8,5964.8,5050.6,6007.1,6212.8,4575.5,4273.0,4194.8,3671.5,3223.2,1531.4,4824.1,4794.7,4833.2
4738.4,5178.9,4625.5,3362.7,1978.1,1385.5,861.6,1317.9,521.1,258.7,0.0,464.3,775.7,776.9,748.2,1131.5,1140.6,1141.9,1161.0,1169.6,1165.2,1274.9,1348.9,1604.0,1698.5,1794.2,2104.2,2095.1,2235.3,2441.8,2576.2,2647.1,2791.8,2960.7,3141.9,3245.8,3367.0,3369.0,3402.9,3420.7,3416.3,3380.9,3368.1,3681.5,3820.9,3918.5,3942.0,4277.4,3664.9,3752.4,3855.2,3861.9,4172.8,6200.1,5043.6,6000.1,6205.8,4568.5,4266.0,4187.8,3664.4,3216.2,1409.1,4352.6,4323.1,4361.7
4233.9,4674.4,4286.2,3574.7,2190.2,1597.6,1073.7,1529.9,733.1,470.8,410.9,0.0,476.3,477.5,448.8,832.1,841.2,842.5,861.6,870.2,865.7,975.4,1049.5,1304.6,1399.1,1494.8,1804.7,1795.7,1935.9,2142.4,2276.7,2347.7,2492.4,2661.3,2842.5,2946.4,3067.6,3069.6,3103.5,3121.3,3116.9,3081.5,3068.7,3382.0,3521.5,3619.1,3642.6,3977.9,3365.5,3453.0,3555.8,3562.5,3873.4,6196.6,4744.2,5700.7,5906.4,4269.0,3966.5,3888.4,3365.0,2916.8,1373.6,4363.9,4334.5,4373.0
4646.8,5087.3,5148.9,3886.1,2501.5,1908.9,1385.0,1841.3,1044.5,782.1,722.2,476.2,0.0,1.2,85.3,468.5,477.7,478.9,498.0,506.6,502.2,611.9,685.9,941.0,1035.6,1131.3,1441.2,1432.1,1572.3,1778.8,1913.2,1984.1,2128.9,2297.7,2479.0,2582.9,2704.0,2706.0,2740.0,2757.8,2753.3,2718.0,2705.1,3018.5,3158.0,3255.6,3279.1,3614.4,3002.0,3089.4,3192.2,3198.9,3509.9,4429.8,4380.6,5337.2,5542.8,3905.5,3603.0,3524.9,3001.5,2553.2,1786.6,4776.9,4747.4,4786.0
4648.0,5088.5,5150.1,3887.2,2502.7,1910.1,1386.2,1842.4,1045.6,783.3,723.4,477.4,1.2,0.0,86.4,469.7,478.8,480.1,499.2,507.8,503.4,613.1,687.1,942.2,1036.7,1132.4,1442.4,1433.3,1573.5,1780.0,1914.4,1985.3,2130.0,2298.9,2480.1,2584.0,2705.2,2707.2,2741.1,2758.9,2754.5,2719.2,2706.3,3019.7,3159.1,3256.7,3280.3,3615.6,3003.1,3090.6,3193.4,3200.1,3511.0,4431.0,4381.8,5338.3,5544.0,3906.7,3604.2,3526.0,3002.7,2554.4,1787.7,4778.0,4748.6,4787.1
4710.6,5151.1,5121.4,3858.6,2474.0,1881.4,1357.5,1813.8,1017.0,754.6,694.7,448.7,85.3,86.4,0.0,383.3,392.4,393.7,412.8,421.4,416.9,526.6,600.7,855.8,950.3,1046.0,1355.9,1346.9,1487.1,1693.6,1827.9,1898.9,2043.6,2212.5,2393.7,2497.6,2618.8,2620.8,2654.7,2672.5,2668.1,2632.7,2619.9,2933.3,3072.7,3170.3,3193.8,3529.1,2916.7,3004.2,3107.0,3113.7,3424.6,4344.6,4295.4,5251.9,5457.6,3820.2,3517.7,3439.6,2916.2,2468.0,1850.4,4840.7,4811.2,4849.8
4955.8,5396.4,5008.2,4241.8,2857.3,2264.7,1740.8,2197.0,1400.2,1137.9,1078.0,832.0,468.5,469.7,383.3,0.0,9.1,10.4,199.8,557.0,552.6,662.3,363.2,991.4,770.4,1181.6,1491.6,1482.5,1622.7,1829.2,1963.6,2034.5,2179.2,2348.1,2529.3,2633.2,2754.4,2756.4,2790.3,2808.1,2803.7,2768.4,2755.5,3068.9,3208.3,3305.9,3329.5,3055.0,2776.1,2863.6,2966.4,2973.1,3284.0,4186.3,4431.0,5387.5,5593.2,3955.9,3653.4,3575.2,3051.9,2471.6,2095.6,5085.9,5056.4,5095.0
4965.0,5405.5,5017.4,4251.0,2866.4,2273.8,1749.9,2206.2,1409.4,1147.0,1087.2,841.1,477.7,478.8,392.4,9.1,0.0,1.2,190.6,566.2,561.7,671.4,354.1,1000.5,761.3,1190.8,1500.7,1491.6,1631.9,1838.3,1972.7,2043.7,2188.4,2357.2,2538.5,2642.4,2763.6,2765.5,2799.5,2817.3,2812.8,2777.5,2764.7,3078.0,3217.5,3315.1,3338.6,3045.8,2767.0,2854.4,2957.3,2963.9,3274.9,4177.1,4440.1,5396.7,5602.3,3965.0,3662.5,3584.4,3061.0,2462.5,2104.8,5095.0,5065.6,5104.2
4966.2,5406.8,5018.6,4252.2,2867.7,2275.1,1751.2,2207.4,1410.6,1148.3,1088.4,842.4,478.9,480.1,393.7,10.4,1.2,0.0,189.4,567.4,563.0,672.7,352.8,1001.8,760.0,1192.0,1502.0,1492.9,1633.1,1839.6,1974.0,2044.9,2189.6,2358.5,2539.7,2643.6,2764.8,2766.8,2800.7,2818.5,2814.1,2778.8,2765.9,3079.3,3218.7,3316.3,3339.9,3044.6,2765.7,2853.2,2956.0,2962.7,3273.7,4175.9,4441.4,5397.9,5603.6,3966.3,3663.8,3585.6,3062.3,2461.2,2106.0,5096.3,5066.8,5105.4
5066.4,5506.9,5118.8,4278.9,2894.4,2301.7,1777.8,2234.1,1437.3,1174.9,1115.1,869.0,505.6,506.8,420.3,199.8,190.6,189.4,0.0,92.3,434.2,168.0,344.1,873.0,751.3,1063.3,1373.2,1364.1,1504.3,1710.8,1845.2,1916.1,2060.9,2229.7,2411.0,2514.9,2636.0,2638.0,2672.0,2689.8,2685.3,2650.0,2637.1,2950.5,3089.9,3187.6,3211.1,3035.9,2757.0,2844.5,2947.3,2954.0,3264.9,4167.1,4312.6,5269.2,5474.8,3837.5,3535.0,3456.9,2933.5,2452.5,2206.1,5196.4,5167.0,5205.5
4994.0,5434.5,5046.3,4279.9,2895.4,2302.8,1778.9,2235.1,1438.3,1176.0,1116.1,870.1,506.6,507.8,421.4,557.0,566.2,567.4,92.3,0.0,68.9,75.8,252.6,507.7,602.2,697.9,1007.9,998.8,1139.0,1345.5,1479.9,1550.8,1695.6,1864.4,2045.6,2149.5,2270.7,2272.7,2306.7,2324.4,2320.0,2284.7,2271.8,2585.2,2724.6,2822.2,2845.8,2861.7,2568.6,2656.1,2758.9,2765.6,3076.6,3996.5,3947.3,4903.8,5109.5,3472.2,3169.7,3091.5,2568.2,2119.9,2133.7,5124.0,5094.5,5133.1
4991.8,5432.3,5044.2,4277.8,2893.3,2300.6,1776.7,2233.0,1436.2,1173.8,1114.0,867.9,504.5,505.7,419.2,554.9,564.0,565.3,170.9,71.2,0.0,109.7,183.7,438.8,533.4,629.1,939.0,929.9,1070.1,1276.6,1411.0,1481.9,1626.7,1795.5,1976.8,2080.7,2201.8,2203.8,2237.8,2255.6,2251.1,2215.8,2202.9,2516.3,2655.7,2753.4,2776.9,2792.8,2499.8,2587.2,2690.0,2696.7,3007.7,3927.6,3878.4,4835.0,5040.6,3403.3,3100.8,3022.7,2499.3,2051.0,2131.6,5121.9,5092.4,5131.0
5099.2,5539.8,5151.6,4385.2,3000.7,2408.0,1884.1,2340.4,1543.6,1281.2,1221.4,975.3,611.9,613.1,526.6,662.3,671.4,672.7,168.0,75.8,107.4,0.0,143.4,482.2,576.8,672.4,982.4,973.3,1113.5,1320.0,1454.4,1525.3,1670.1,1838.9,2020.1,2124.0,2245.2,2247.2,2281.2,2299.0,2294.5,2259.2,2246.3,2559.7,2699.1,2796.7,2820.3,2836.2,2543.2,2630.6,2733.4,2740.1,3051.1,3971.0,3921.8,4878.4,5084.0,3446.7,3144.2,3066.0,2542.7,2094.4,2239.0,5229.3,5199.8,5238.4
4876.3,5316.8,4928.7,4459.5,3074.9,2482.3,1958.4,2414.7,1617.9,1355.5,1295.7,1049.6,686.2,687.3,600.9,363.4,354.3,353.0,352.6,252.9,181.7,143.7,0.0,432.6,561.2,622.8,932.7,923.7,1063.9,1270.4,1404.7,1475.7,1620.4,1789.2,1970.5,2074.4,2195.6,2197.6,2231.5,2249.3,2244.9,2209.5,2196.7,2510.0,2649.5,2747.1,2770.6,2845.8,2566.9,2654.4,2757.2,2763.9,3074.8,3977.0,3872.1,4828.7,5034.4,3397.0,3094.5,3016.4,2493.0,2262.4,2016.0,5006.3,4976.9,5015.4
5429.4,5869.9,5481.8,4715.4,3330.8,2738.2,2214.3,2670.6,1873.8,1611.4,1551.6,1305.5,942.1,943.2,856.8,992.4,1001.6,1002.8,608.5,508.8,437.6,483.3,433.4,0.0,151.1,190.2,500.2,491.1,631.3,837.8,972.2,1043.1,1187.9,1356.7,1537.9,1641.8,1763.0,1765.0,1798.9,1816.7,1812.3,1777.0,1764.1,2077.5,2216.9,2314.5,2338.1,2354.0,2060.9,2148.4,2251.2,2257.9,2568.9,3488.8,3439.6,4396.1,4601.8,2964.5,2662.0,2583.8,2060.5,1612.2,2569.2,5559.4,5530.0,5568.6
5113.4,5554.0,5165.8,4906.8,3522.3,2929.7,2405.8,2862.0,2065.2,1802.9,1743.0,1497.0,1133.5,1134.7,1048.3,770.4,761.3,760.0,799.9,700.2,629.0,674.7,624.8,191.5,0.0,219.3,529.3,520.2,660.4,866.9,1001.3,1072.2,1217.0,1385.8,1567.1,1670.9,1792.1,1794.1,1828.1,1845.9,1841.4,1806.1,1793.2,2106.6,2246.0,2343.7,2367.2,2383.1,2090.1,2177.5,2280.3,2287.0,2598.0,3517.9,3468.7,4425.3,4630.9,2993.6,2691.1,2613.0,2089.6,1641.3,2253.2,5243.5,5214.0,5252.6
5618.6,6059.1,5671.0,4904.6,3520.0,2927.4,2403.5,2859.8,2063.0,1800.6,1740.7,1494.7,1131.3,1132.4,1046.0,1181.6,1190.8,1192.0,797.6,697.9,626.7,672.4,622.5,189.2,340.3,0.0,414.4,405.4,545.6,752.1,886.4,957.4,1102.1,1271.0,1452.2,1556.1,1677.3,1679.3,1713.2,1731.0,1726.6,1691.2,1678.4,1991.7,2131.2,2228.8,2252.3,2268.3,1975.2,2062.7,2165.5,2172.2,2483.1,3403.1,3353.8,4310.4,4516.1,2878.7,2576.2,2498.1,1974.7,1526.5,2758.3,5748.6,5719.2,5757.7
5576.1,6016.7,5628.5,5214.5,3830.0,3237.3,2713.4,3169.7,2372.9,2110.5,2050.7,1804.6,1441.2,1442.4,1355.9,1491.6,1500.7,1502.0,1107.6,1007.9,936.7,982.4,932.5,499.1,650.2,414.4,0.0,25.6,165.8,372.3,506.7,577.6,722.3,891.2,1072.4,1176.3,1297.5,1299.5,1333.4,1351.2,1346.8,1311.5,1298.6,1612.0,1751.4,1849.0,1872.6,1888.5,1595.4,1682.9,1785.7,1792.4,2103.4,3023.3,2974.1,3930.6,4136.3,2499.0,2196.5,2118.3,1595.0,1146.7,2715.9,5706.2,5676.7,5715.3
5568.1,6008.6,5620.5,5206.5,3821.9,3229.3,2705.4,3161.7,2364.9,2102.5,2042.7,1796.6,1433.2,1434.3,1347.9,1483.5,1492.7,1493.9,1099.5,999.8,928.7,974.4,924.5,491.1,642.2,406.4,26.6,0.0,140.2,346.7,481.1,552.0,696.8,865.6,1046.8,1150.7,1271.9,1273.9,1307.9,1325.6,1321.2,1285.9,1273.0,1586.4,1725.8,1823.4,1847.0,1862.9,1569.8,1657.3,1760.1,1766.8,2077.8,2997.7,2948.5,3905.0,4110.7,2473.4,2170.9,2092.7,1569.4,1121.1,2707.9,5698.2,5668.7,5707.3
5709.1,6149.6,5761.5,5347.5,3962.9,3370.3,2846.4,3302.7,2505.9,2243.5,2183.7,1937.6,1574.2,1575.4,1488.9,1624.6,1633.7,1635.0,1240.6,1140.9,1069.7,1115.4,1065.5,632.1,783.2,547.4,167.7,141.0,0.0,206.5,340.9,411.8,556.5,725.4,906.6,1010.5,1131.7,1133.7,1167.6,1185.4,1181.0,1145.6,1132.8,1446.2,1585.6,1683.2,1706.7,1722.7,1429.6,1517.1,1619.9,1626.6,1937.5,2857.5,2808.3,3764.8,3970.5,2333.2,2030.7,1952.5,1429.1,980.9,2848.9,5839.2,5809.7,5848.3
5788.6,6229.1,5841.0,5553.2,4168.6,3576.0,3052.1,3508.4,2711.6,2449.2,2389.4,2143.3,1779.9,1781.1,1694.6,1830.3,1839.4,1840.7,1446.3,1346.6,1275.4,1321.1,1271.2,837.8,988.9,753.1,373.4,346.7,205.7,0.0,134.4,205.3,350.1,518.9,700.1,804.0,925.2,927.2,961.2,978.9,974.5,939.2,926.3,1239.7,1379.1,1476.7,1500.3,1823.4,1223.1,1310.6,1413.4,1420.1,1731.1,2651.0,2601.8,3558.3,3764.0,2126.7,1824.2,1746.0,1222.7,774.4,2928.4,5918.7,5889.2,5927.8
5922.6,6363.1,5975.0,5687.2,4302.6,3710.0,3186.1,3642.4,2845.6,2583.2,2523.3,2277.3,1913.9,1915.0,1828.6,1964.2,1973.4,1974.6,1580.2,1480.5,1409.4,1455.0,1405.2,971.8,1122.9,887.1,507.3,480.7,339.7,134.0,0.0,70.9,215.7,384.5,565.8,669.6,790.8,792.8,826.8,844.6,840.1,804.8,791.9,1105.3,1244.7,1342.4,1365.9,1235.7,1209.5,1297.0,1399.8,1406.5,1717.4,2516.6,2467.4,3424.0,3629.6,1992.3,1689.8,1611.7,1088.3,640.0,3062.3,6052.6,6023.2,6061.7
5993.1,6433.6,6045.4,5757.7,4373.1,3780.5,3256.6,3712.9,2916.1,2653.7,2593.8,2347.8,1984.3,1985.5,1899.1,2034.7,2043.9,2045.1,1650.7,1551.0,1479.8,1525.5,1475.6,1042.3,1193.4,957.6,577.8,551.2,410.2,204.5,70.5,0.0,144.7,313.6,494.8,598.7,719.9,721.9,755.8,773.6,769.2,733.9,721.0,1034.4,1173.8,1271.4,1294.9,1164.7,1280.0,1367.5,1470.3,1477.0,1787.9,2445.7,2396.5,3353.0,3558.7,1921.4,1618.9,1540.7,1017.4,569.1,3132.8,6123.1,6093.7,6132.2
6138.6,6579.1,6191.0,5903.2,4518.6,3926.0,3402.1,3858.4,3061.6,2799.2,2739.4,2493.3,2129.9,2131.1,2044.6,2180.3,2189.4,2190.7,1796.3,1696.6,1625.4,1671.1,1621.2,1187.8,1338.9,1103.1,723.4,696.7,555.7,350.0,216.0,145.5,0.0,168.8,350.1,454.0,575.2,577.2,611.1,628.9,624.4,589.1,576.3,889.6,1029.1,1126.7,1150.2,1090.8,1425.5,1513.0,1615.8,1622.5,1933.5,2301.0,2251.7,3208.3,3413.9,1776.6,1474.1,1396.0,872.6,424.3,3278.4,6268.7,6239.2,6277.8
6306.4,6747.0,6358.8,6071.0,4686.5,4093.9,3569.9,4026.2,3229.4,2967.1,2907.2,2661.2,2297.7,2298.9,2212.5,2348.1,2357.2,2358.5,1964.1,1864.4,1793.2,1838.9,1789.0,1355.6,1506.8,1271.0,891.2,864.6,723.5,517.8,383.9,313.4,167.8,0.0,77.8,408.8,530.0,532.0,566.0,583.8,579.3,544.0,531.1,844.5,983.9,1081.5,1105.1,1258.7,1593.4,1680.8,1783.7,1790.3,2101.3,2255.8,2206.6,3163.2,3368.8,1731.5,1429.0,1350.8,827.5,379.2,3446.2,6436.5,6407.0,6445.6
6114.3,6554.8,6166.6,6126.2,4867.8,4275.2,3751.3,4207.6,3410.8,3148.4,3088.6,2842.5,2479.1,2480.2,2393.8,2529.4,2538.6,2539.8,2145.5,2045.7,1974.6,2020.3,1970.4,1537.0,1688.1,1452.3,1072.5,1045.9,904.9,699.2,565.2,494.7,349.2,77.9,0.0,386.9,508.0,510.0,576.4,558.6,563.0,522.0,509.1,822.5,962.0,1059.6,1083.1,1321.6,1464.5,1549.4,1652.2,1658.9,1969.9,1949.6,2184.6,3141.2,3346.8,2199.5,1407.0,1328.9,639.9,236.6,3254.0,6244.3,6214.9,6253.4
6591.6,7032.1,6644.0,6356.2,4971.6,4379.0,3855.1,4311.4,3514.6,3252.2,3192.3,2946.3,2582.9,2584.0,2497.6,2633.2,2642.4,2643.6,2249.2,2149.5,2078.4,2124.0,2074.2,1640.8,1791.9,1556.1,1176.3,1149.7,1008.7,803.0,669.0,598.5,453.0,408.8,386.7,0.0,121.2,123.2,157.1,174.9,170.5,135.1,122.3,435.7,575.1,672.7,696.2,1453.8,1595.1,1681.6,1784.5,1791.1,2102.1,1847.0,1797.8,2754.3,2960.0,1322.7,1020.1,942.0,418.6,331.1,3731.3,6721.6,6692.2,6730.7
6712.8,7153.3,6765.1,6477.3,5092.8,4500.2,3976.3,4432.5,3635.7,3373.4,3313.5,3067.5,2704.0,2705.2,2618.8,2754.4,2763.6,2764.8,2370.4,2270.7,2199.5,2245.2,2195.3,1762.0,1913.1,1677.3,1297.5,1270.9,1129.8,924.1,790.2,719.7,574.1,530.0,507.9,121.2,0.0,2.0,35.9,53.7,49.3,14.0,1.1,347.3,486.7,584.3,607.8,1572.4,1713.7,1800.2,1903.0,1909.7,2220.7,1965.5,1916.3,2872.9,3078.5,1981.3,931.8,853.6,155.7,374.1,3852.5,6842.8,6813.3,6851.9
6714.8,7155.3,6767.1,6479.3,5094.8,4502.2,3978.3,4434.5,3637.7,3375.4,3315.5,3069.5,2706.0,2707.2,2620.8,2756.4,2765.5,2766.8,2372.4,2272.7,2201.5,2247.2,2197.3,1764.0,1915.1,1679.3,1299.5,1272.9,1131.8,926.1,792.2,721.7,576.1,532.0,509.9,123.2,2.0,0.0,33.9,51.7,47.3,12.0,0.9,349.3,488.7,586.3,609.8,1574.4,1715.7,1802.2,1905.0,1911.7,2222.7,1967.5,1918.3,2874.9,3080.5,1983.3,933.7,855.6,153.7,372.1,3854.5,6844.8,6815.3,6853.9
6252.0,6692.5,6304.3,6513.3,5128.7,4536.1,4012.2,4468.5,3671.7,3409.3,3349.5,3103.4,2740.0,2741.1,2654.7,2790.3,2799.5,2800.7,2406.4,2306.7,2235.5,2281.2,2231.3,1797.9,1949.0,1713.2,1333.4,1306.8,1165.8,960.1,826.1,755.6,610.1,566.0,543.9,157.1,35.9,33.9,0.0,17.8,13.3,22.0,34.8,383.2,522.6,620.2,643.8,1608.3,1749.6,1836.1,1939.0,1945.6,2256.6,2001.5,1952.3,2908.8,3114.5,2017.2,967.7,889.5,213.5,339.1,3391.7,6382.0,6352.6,6391.1
6234.2,6674.7,6286.6,6246.1,5146.5,4553.9,4030.0,4486.3,3689.5,3427.1,3367.3,3121.2,2757.8,2758.9,2672.5,2808.1,2817.3,2818.5,2424.1,2324.4,2253.3,2299.0,2249.1,1815.7,1966.8,1731.0,1351.2,1324.6,1183.6,977.9,843.9,773.4,627.9,583.8,561.7,174.9,53.7,51.7,17.8,0.0,4.4,39.8,52.6,401.0,540.4,638.0,661.6,1444.0,1585.3,1671.8,1774.6,1781.3,2092.3,1837.2,1787.9,2744.5,2950.1,1852.9,985.5,907.3,195.7,321.3,3373.9,6364.2,6334.8,6373.3
6238.6,6679.1,6291.0,6250.5,5142.1,4549.5,4025.6,4481.8,3685.0,3422.7,3362.8,3116.8,2753.3,2754.5,2668.1,2803.7,2812.8,2814.1,2419.7,2320.0,2248.8,2294.5,2244.6,1811.2,1962.4,1726.6,1346.8,1320.2,1179.1,973.4,839.5,769.0,623.4,579.3,557.2,170.5,49.3,47.3,13.3,4.4,0.0,35.3,48.2,396.5,536.0,633.6,657.1,1448.4,1589.7,1676.2,1779.1,1785.7,2096.7,1841.6,1792.4,2748.9,2954.6,1857.3,981.0,902.9,200.1,325.7,3378.4,6368.7,6339.2,6377.8
6726.7,7167.2,6779.1,6491.3,5106.8,4514.1,3990.2,4446.5,3649.7,3387.3,3327.5,3081.4,2718.0,2719.2,2632.7,2768.4,2777.5,2778.8,2384.4,2284.7,2213.5,2259.2,2209.3,1775.9,1927.0,1691.2,1311.5,1284.8,1143.8,938.1,804.1,733.7,588.1,544.0,521.9,135.1,14.0,12.0,22.0,39.8,35.3,0.0,12.9,361.2,500.7,598.3,621.8,1586.4,1727.6,1814.2,1917.0,1923.7,2234.6,1979.5,1930.3,2886.8,3092.5,1995.2,945.7,867.6,141.7,360.2,3866.5,6856.8,6827.3,6865.9
6713.9,7154.4,6766.2,6478.5,5093.9,4501.3,3977.4,4433.7,3636.9,3374.5,3314.6,3068.6,2705.1,2706.3,2619.9,2755.5,2764.7,2765.9,2371.5,2271.8,2200.6,2246.3,2196.4,1763.1,1914.2,1678.4,1298.6,1272.0,1131.0,925.3,791.3,720.8,575.3,531.1,509.0,122.3,1.1,0.9,34.8,52.6,48.2,12.9,0.0,348.4,487.8,585.4,608.9,1573.5,1714.8,1801.3,1904.1,1910.8,2221.8,1966.7,1917.4,2874.0,3079.6,1982.4,932.9,854.7,154.5,373.0,3853.6,6843.9,6814.5,6853.0
7027.2,7467.8,7079.6,6791.8,5407.3,4814.7,4290.7,4747.0,3950.2,3687.9,3628.0,3381.9,3018.5,3019.7,2933.3,3068.9,3078.0,3079.3,2684.9,2585.2,2514.0,2559.7,2509.8,2076.4,2227.6,1991.7,1612.0,1585.3,1444.3,1238.6,1104.7,1034.2,888.6,844.5,822.4,435.7,347.3,349.3,383.2,401.0,396.5,361.2,348.4,0.0,139.4,237.0,260.6,1753.7,2028.2,1981.5,2084.4,2091.0,2402.0,2280.0,1866.6,2179.2,2384.8,887.0,584.5,506.3,229.1,632.0,4167.0,7157.3,7127.8,7166.4
6922.2,7362.7,6974.5,6931.3,5546.7,4954.1,4430.2,4886.5,4089.7,3827.3,3767.4,3521.4,3158.0,3159.1,3072.7,3208.3,3217.5,3218.7,2824.3,2724.6,2653.4,2699.1,2649.2,2215.9,2367.0,2131.2,1751.4,1724.8,1583.8,1378.1,1244.1,1173.6,1028.1,983.9,961.8,575.1,486.7,488.7,522.6,540.4,536.0,500.7,487.8,139.4,0.0,32.5,134.9,1730.8,1870.8,1958.6,2061.4,2068.1,2379.0,2358.8,1842.9,2102.5,2308.1,810.3,969.6,410.5,368.5,771.5,4061.9,7052.2,7022.8,7061.3
6954.7,7395.2,7007.1,7028.9,5644.3,5051.7,4527.8,4984.1,4187.3,3924.9,3865.0,3619.0,3255.6,3256.7,3170.3,3305.9,3315.1,3316.3,2921.9,2822.2,2751.1,2796.7,2746.9,2313.5,2464.6,2228.8,1849.0,1822.4,1681.4,1475.7,1341.7,1271.2,1125.7,1081.5,1059.4,672.7,584.3,586.3,620.2,638.0,633.6,598.3,585.4,237.0,32.5,0.0,132.2,1763.3,1903.3,1991.1,2093.9,2100.6,2411.5,2391.3,1875.4,2135.0,2340.6,842.8,456.1,378.0,466.1,869.1,4094.4,7084.7,7055.3,7093.8
7287.8,7728.3,7340.2,7052.4,5667.8,5075.2,4551.3,5007.6,4210.8,3948.4,3888.6,3642.5,3279.1,3280.3,3193.8,3329.5,3338.6,3339.9,2945.5,2845.8,2774.6,2820.3,2770.4,2337.0,2488.1,2252.3,1872.6,1845.9,1704.9,1499.2,1365.2,1294.7,1149.2,1105.1,1083.0,696.2,607.8,609.8,643.8,661.6,657.1,621.8,608.9,260.6,164.7,132.2,0.0,1742.7,1882.7,1970.5,2073.3,2080.0,2390.9,2370.7,1854.8,2114.4,2320.0,635.2,794.5,401.5,489.7,892.6,4427.6,7417.9,7388.4,7427.0
6536.9,6977.4,6589.3,6548.8,5611.4,5018.8,4494.8,5227.9,4154.3,3892.0,3832.1,3586.1,3222.6,3223.8,3137.4,2996.8,2987.6,2986.4,2889.0,2789.3,2718.1,2763.8,2713.9,2280.5,2431.7,2195.9,1816.1,1789.5,1648.4,1442.7,1235.0,1164.5,1804.0,1759.9,1222.3,1351.1,1469.6,1392.1,1359.0,1341.2,1345.7,1380.1,1470.7,1704.9,1628.2,1660.7,1640.1,0.0,241.9,363.8,466.6,473.3,784.2,1426.8,1608.5,2565.1,2770.7,1775.8,1935.1,1986.6,1510.8,1020.4,3676.6,6666.9,6637.5,6676.0
6216.6,6657.1,6268.9,6228.5,5390.6,4797.9,4274.0,4730.3,3933.5,3671.1,3611.3,3365.2,3001.8,3003.0,2916.5,2776.0,2766.8,2765.6,2668.2,2568.5,2497.3,2543.0,2493.1,2059.7,2210.8,1975.0,1595.3,1568.6,1427.6,1221.9,1208.7,1279.6,1424.4,2002.2,1464.6,1593.4,1711.9,1634.4,1601.3,1583.5,1588.0,1622.4,1713.0,1947.2,1870.5,1903.0,1882.4,241.9,0.0,142.2,245.0,251.7,562.7,1464.9,1646.5,2603.1,2808.7,2018.1,2177.4,2228.9,1753.2,1263.1,3356.3,6346.6,6317.2,6355.7
6301.1,6741.7,6353.5,6313.0,5478.0,4885.4,4361.5,4992.2,4020.9,3758.6,3698.7,3452.7,3089.2,3090.4,3004.0,2863.4,2854.3,2853.0,2755.6,2655.9,2584.7,2630.4,2580.5,2147.2,2298.3,2062.5,1682.7,1656.1,1515.0,1309.3,1296.1,1367.1,1511.8,2089.6,1552.1,1680.8,1799.4,1721.8,1688.8,1671.0,1675.4,1709.9,1800.5,2034.6,1957.9,1990.4,1969.8,466.9,142.2,0.0,131.0,137.7,448.6,1350.8,1532.5,2489.1,2694.7,2105.6,2264.9,2316.3,1840.6,1350.5,3440.9,6431.2,6401.7,6440.3
6404.0,6844.5,6456.3,6415.9,5580.8,4988.2,4464.3,5095.0,4123.8,3861.4,3801.5,3555.5,3192.1,3193.2,3106.8,2966.2,2957.1,2955.8,2858.4,2758.7,2687.6,2733.2,2683.4,2250.0,2401.1,2165.3,1785.5,1758.9,1617.9,1412.2,1399.0,1469.9,1614.6,2192.5,1654.9,1783.6,1902.2,1824.6,1791.6,1773.8,1778.2,1812.7,1903.3,2137.4,2060.7,2093.2,2072.6,568.5,245.0,131.0,0.0,6.7,351.2,1253.4,1435.1,2391.6,2597.3,2208.4,2367.7,2419.1,1943.4,1453.4,3543.7,6534.0,6504.6,6543.1
6410.6,6851.2,6463.0,6422.5,5587.5,4994.9,4471.0,5101.7,4130.4,3868.1,3808.2,3562.2,3198.7,3199.9,3113.5,2972.9,2963.8,2962.5,2865.1,2765.4,2694.2,2739.9,2690.0,2256.7,2407.8,2172.0,1792.2,1765.6,1624.5,1418.8,1405.6,1476.6,1621.3,2199.1,1661.6,1790.3,1908.9,1831.3,1798.3,1780.5,1784.9,1819.4,1910.0,2144.1,2067.4,2099.9,2079.3,575.2,251.7,137.7,6.7,0.0,357.9,1260.1,1441.7,2398.3,2604.0,2215.1,2374.4,2425.8,1950.1,1460.0,3550.4,6540.7,6511.2,6549.8
6722.7,7163.2,6775.1,6734.6,5899.5,5306.9,4783.0,5413.8,4442.5,4180.1,4120.3,3874.2,3510.8,3512.0,3425.5,3285.0,3275.8,3274.6,3177.2,3077.5,3006.3,3052.0,3002.1,2568.7,2719.8,2484.0,2104.3,2077.6,1936.6,1730.9,1717.7,1788.6,1933.4,2511.2,1973.6,2102.4,2220.9,2143.4,2110.3,2092.5,2097.0,2131.4,2222.0,2456.2,2379.5,2412.0,2391.4,787.8,563.7,449.7,352.3,359.0,0.0,902.2,1083.9,2040.4,2246.1,2527.1,2686.4,2737.9,2262.1,1772.1,3862.5,6852.7,6823.3,6861.9
7726.2,8166.7,7778.6,7738.1,6685.8,6093.2,5569.3,6025.6,5228.8,4966.4,4906.6,4660.5,4297.1,4298.2,4211.8,4347.4,4356.6,4357.8,3963.5,3863.8,3792.6,3838.3,3788.4,3355.0,3506.1,3270.3,2890.5,2863.9,2722.9,2517.2,2383.2,2312.7,2167.2,2123.1,2049.5,1714.2,1832.8,1755.2,1722.2,1704.4,1708.8,1743.3,1833.9,2067.0,1990.4,2022.9,2002.2,1325.3,1567.2,1553.1,1655.9,1662.6,999.5,0.0,258.5,1215.0,1420.7,2134.9,2294.2,2345.6,1785.6,1812.1,4866.0,7856.2,7826.8,7865.4
8139.1,8579.6,8191.4,8151.0,6770.3,6177.7,5653.8,6110.0,5313.2,5050.9,4991.0,4745.0,4381.5,4382.7,4296.3,4431.9,4441.1,4442.3,4047.9,3948.2,3877.0,3922.7,3872.8,3439.5,3590.6,3354.8,2975.0,2948.4,2807.3,2601.6,2467.7,2397.2,2251.6,2207.5,2131.0,1798.7,1871.3,1873.3,1806.6,1788.9,1793.3,1827.7,1872.4,1919.9,1843.2,1875.7,1855.1,1409.7,1646.8,1532.8,1435.3,1442.0,1083.0,390.7,0.0,1067.8,1273.5,1987.7,2147.0,2198.5,1724.8,1896.6,4946.9,8269.1,8239.6,8278.2
9096.4,9536.9,9148.8,9108.3,7588.4,6995.8,6471.8,6928.1,6131.3,5869.0,5809.1,5563.0,5199.6,5200.8,5114.3,5250.0,5259.1,5260.4,4866.0,4766.3,4695.1,4740.8,4690.9,4257.5,4408.6,4172.8,3793.1,3766.4,3625.4,3419.7,3285.8,3215.3,3069.7,3025.6,3088.3,2616.8,2528.4,2530.4,2764.6,2746.8,2751.3,2542.3,2529.5,2181.1,2104.4,1984.3,2116.3,2363.3,2604.1,2490.1,2392.7,2399.4,2040.4,1348.0,1022.2,0.0,43.4,1553.5,1712.8,1764.3,2449.7,2854.5,5904.3,9226.5,9197.0,9235.6
8864.7,9305.2,8917.1,8876.6,7552.4,6959.8,6435.9,6892.2,6095.4,5833.0,5773.1,5527.1,5163.7,5164.8,5078.4,5214.0,5223.2,5224.4,4830.0,4730.3,4659.2,4704.8,4655.0,4221.6,4372.7,4136.9,3757.1,3730.5,3589.5,3383.8,3249.8,3179.3,3033.8,2989.6,3187.4,2580.8,2492.4,2494.4,2528.3,2842.9,2847.3,2506.4,2493.5,2145.1,2049.3,2016.8,2028.6,2463.8,2705.7,2586.9,2794.4,2801.1,2137.2,1444.8,1118.9,43.4,0.0,1428.1,1587.4,1638.8,2374.2,2950.6,6004.4,8994.7,8965.3,9003.8
7744.3,8184.8,7796.7,7508.9,6124.3,5531.7,5007.8,5464.1,4667.3,4404.9,4345.1,4099.0,3735.6,3736.7,3650.3,3786.0,3795.1,3796.3,3402.0,3302.3,3231.1,3276.8,3226.9,2793.5,2944.6,2708.8,2329.1,2302.4,2161.4,1955.7,1821.7,1751.2,1605.7,1561.6,1539.5,1152.7,1064.3,1066.3,1100.3,1118.1,1113.6,1078.3,1065.4,717.1,621.2,588.7,612.3,2042.8,2183.9,2270.6,2373.5,2380.1,2691.1,2669.0,2155.5,1751.4,1726.2,0.0,159.3,210.7,946.2,1349.1,4884.1,7874.4,7844.9,7883.5
7634.3,8074.8,7686.7,7398.9,6014.3,5421.7,4897.8,5354.1,4557.3,4294.9,4235.1,3989.0,3625.6,3626.7,3540.3,3675.9,3685.1,3686.3,3292.0,3192.3,3121.1,3166.8,3116.9,2683.5,2834.6,2598.8,2219.0,2192.4,2051.4,1845.7,1711.7,1641.2,1495.7,1451.6,1429.5,1042.7,954.3,956.3,990.3,1008.1,1003.6,968.3,955.4,607.1,511.2,478.7,502.2,2120.9,2635.2,2348.7,2451.6,2458.2,2769.2,2887.1,2473.7,1800.2,1775.0,278.7,0.0,100.7,836.2,1239.1,4774.1,7764.3,7734.9,7773.5
7533.6,7974.1,7585.9,7298.2,5913.6,5321.0,4797.1,5253.4,4456.6,4194.2,4134.3,3888.3,3524.8,3526.0,3439.6,3575.2,3584.4,3585.6,3191.2,3091.5,3020.3,3066.0,3016.1,2582.8,2733.9,2498.1,2118.3,2091.7,1950.7,1745.0,1611.0,1540.5,1395.0,1350.8,1328.7,942.0,853.6,855.6,889.5,907.3,902.9,867.6,854.7,506.3,410.5,378.0,401.5,2112.0,2353.9,2339.8,2442.6,2449.3,2760.2,2786.4,2372.9,1791.2,1766.1,269.7,101.9,0.0,735.4,1138.4,4673.3,7663.6,7634.2,7672.7
6315.8,6756.4,6368.2,6327.7,5294.2,4701.5,4177.6,4633.9,3837.1,3574.7,3514.9,3268.8,2905.4,2906.6,2820.1,2955.8,2964.9,2966.2,2571.8,2472.1,2400.9,2446.6,2396.7,1963.3,2114.4,1878.6,1498.9,1472.2,1331.2,1125.5,991.5,921.1,775.5,731.4,709.3,322.5,156.1,154.1,138.8,196.1,200.5,142.1,155.0,263.9,406.5,439.0,663.3,1525.7,1667.0,1753.5,1856.3,1863.0,2173.9,1918.8,1725.2,2448.5,2654.2,1156.9,1316.2,770.2,0.0,402.9,3455.6,6445.9,6416.4,6455.0
5912.9,6353.4,5965.3,5924.8,5303.4,4710.8,4186.9,4643.2,3846.4,3584.0,3524.1,3278.1,2914.6,2915.8,2829.4,2965.0,2974.2,2975.4,2581.0,2481.3,2410.1,2455.8,2405.9,1972.6,2123.7,1887.9,1508.1,1481.5,1340.5,1134.8,1000.8,930.3,784.8,740.6,237.2,331.8,374.8,372.8,339.8,322.0,326.4,360.8,373.7,764.8,808.6,841.1,1066.0,1020.2,1263.1,1348.1,1450.9,1457.6,1768.5,1748.3,1896.3,2852.9,3058.6,1961.3,2120.6,1271.2,403.2,0.0,3052.7,6043.0,6013.5,6052.1
2913.7,3354.2,2966.1,2925.6,2624.9,2340.8,1760.7,1604.8,1420.2,1530.8,1470.9,1373.5,1935.6,1936.8,1850.4,2214.0,2204.9,2203.6,2194.9,2180.4,2176.0,2285.7,2004.5,2657.8,2241.9,2573.2,2993.5,2706.8,2825.9,3010.8,2997.6,3068.5,3213.2,3396.6,3253.9,3383.8,3426.8,3424.8,3391.7,3373.9,3378.4,3412.8,3425.7,4102.9,3860.6,3893.1,4118.2,3576.8,3356.5,3444.0,3546.8,3553.5,4423.6,4891.3,5073.0,6029.5,6235.2,5016.6,5175.9,4609.2,3455.2,3052.0,0.0,3043.8,3014.3,3052.9
484.3,1670.4,920.9,2290.8,3213.9,3805.7,4329.3,3890.6,4662.4,4430.2,4787.7,4690.3,5252.4,5253.6,5167.2,5530.8,5521.7,5520.4,5511.7,5497.3,5492.8,5602.5,5321.4,5974.6,5558.7,5890.0,6310.3,6023.6,6142.7,6327.6,6314.4,6385.3,6530.0,6713.4,6570.7,6700.6,6743.6,6741.6,6708.5,6690.7,6695.2,6729.6,6742.5,7419.7,7177.4,7209.9,7435.0,6994.4,6673.3,8160.0,6863.6,6870.3,7710.3,8178.0,8359.6,9316.2,9521.9,8434.2,8593.5,7926.0,6772.0,6368.8,3370.3,0.0,29.5,205.5
453.5,1639.6,890.1,2260.0,3183.1,3774.9,4298.5,3859.8,4631.6,4399.4,4756.9,4659.5,5221.6,5222.8,5136.4,5500.0,5490.9,5489.6,5480.9,5466.5,5462.0,5571.7,5290.6,5943.8,5527.9,5859.2,6279.5,5992.8,6111.9,6296.8,6283.6,6354.5,6499.2,6682.6,6539.9,6669.8,6712.8,6710.8,6677.7,6659.9,6664.4,6698.8,6711.7,7388.9,7146.6,7179.1,7404.2,6963.6,6642.5,8129.2,6832.8,6839.5,7679.5,8147.2,8328.8,9285.4,9491.1,8403.4,8562.7,7895.2,6741.2,6338.0,3339.5,29.5,0.0,174.7
456.6,989.4,878.2,2263.1,3186.2,3778.0,4301.7,3863.0,4634.7,4402.5,4760.1,4662.7,5224.8,5225.9,5139.5,5503.1,5494.0,5492.8,5484.0,5469.6,5465.2,5574.9,5293.7,5947.0,5531.1,5862.3,6282.6,5995.9,6115.0,6299.9,6286.7,6357.6,6502.4,6685.7,6543.0,6672.9,6715.9,6713.9,6680.9,6663.1,6667.5,6702.0,6714.8,7392.0,7149.7,7182.3,7407.3,6966.7,6645.6,8132.3,6835.9,6842.6,7682.6,8150.3,8332.0,9288.5,9494.2,8406.5,8565.8,7898.4,6744.3,6341.1,3342.6,241.3,211.9,0.0
